<?xml version="1.0" encoding="UTF-8"?>
<project>
  <core name="" type="" target="">
    <kernel name="curve25519_donna" language="c" vlnv="xilinx.com:hls:curve25519_donna:1.0" attributes="" hash="" preferredWorkGroupSizeMultiple="0" workGroupSize="1" debug="false">
      <port name="S_AXI_AXILITES" mode="slave" range="0x1000" dataWidth="32" portType="addressable" base="0x00000000"/>
      <arg name="mypublic_in" addressQualifier="0" id="0" port="S_AXI_AXILITES" size="0x4" offset="0x20" hostOffset="0x0" hostSize="0x4" type="unsigned char[]"/>
      <arg name="secret_in" addressQualifier="0" id="1" port="S_AXI_AXILITES" size="0x4" offset="0x40" hostOffset="0x0" hostSize="0x4" type="unsigned char[]"/>
      <arg name="basepoint_in" addressQualifier="0" id="2" port="S_AXI_AXILITES" size="0x4" offset="0x60" hostOffset="0x0" hostSize="0x4" type="unsigned char[]"/>
      <arg name="mypublic_out" addressQualifier="0" id="3" port="S_AXI_AXILITES" size="0x4" offset="0x80" hostOffset="0x0" hostSize="0x4" type="unsigned char[]"/>
      <arg name="secret_out" addressQualifier="0" id="4" port="S_AXI_AXILITES" size="0x4" offset="0xA0" hostOffset="0x0" hostSize="0x4" type="unsigned char[]"/>
      <arg name="basepoint_out" addressQualifier="0" id="5" port="S_AXI_AXILITES" size="0x4" offset="0xC0" hostOffset="0x0" hostSize="0x4" type="unsigned char[]"/>
      <compileWorkGroupSize x="1" y="1" z="1"/>
    </kernel>
  </core>
</project>
