<?xml version="1.0" encoding="UTF-8" ?>
<webTalkData  fileName='usage_statistics_ext_sdk.xml'  majorVersion='1' minorVersion='0' timeStamp='Thu May  4 10:59:43 2017'>
<section name="__ROOT__" level="0" order="1" description="">
 <section name="software_version_and_target_device" level="1" order="1" description="">
  <keyValuePair key="beta" value="false" description="" />
  <keyValuePair key="build_version" value="2017.1" description="" />
  <keyValuePair key="date_generated" value="2017-05-04 10:59:42" description="" />
  <keyValuePair key="os_platform" value="amd64" description="" />
  <keyValuePair key="product_version" value="SDK v2017.1" description="" />
  <keyValuePair key="project_id" value="2017.1_7" description="" />
  <keyValuePair key="project_iteration" value="7" description="" />
  <keyValuePair key="random_id" value="o1kktg879cqp2529kdv3jscplf" description="" />
  <keyValuePair key="registration_id" value="210731565_1777490786_210638915_448" description="" />
  <keyValuePair key="route_design" value="NA" description="" />
  <keyValuePair key="target_device" value="NA" description="" />
  <keyValuePair key="target_family" value="NA" description="" />
  <keyValuePair key="target_package" value="NA" description="" />
  <keyValuePair key="target_speed" value="NA" description="" />
  <keyValuePair key="tool_flow" value="SDK" description="" />
 </section>
 <section name="user_environment" level="1" order="2" description="">
  <keyValuePair key="cpu_name" value="Intel(R) Core(TM) i7-4700MQ CPU @ 2.40GHz" description="" />
  <keyValuePair key="cpu_speed" value="3294.140 MHz" description="" />
  <keyValuePair key="os_name" value="Ubuntu" description="" />
  <keyValuePair key="os_release" value="Ubuntu 16.10" description="" />
  <keyValuePair key="system_ram" value="16.000 GB" description="" />
  <keyValuePair key="total_processors" value="1" description="" />
 </section>
 <section name="sdk" level="1" order="3" description="">
  <section name="application/1493915856000" level="2" order="1" description="">
   <keyValuePair key="apptemplate" value="hello_world" description="" />
   <keyValuePair key="bspid" value="1493915853000" description="" />
   <keyValuePair key="hwid" value="1493881376000" description="" />
   <keyValuePair key="langused" value="C" description="" />
   <keyValuePair key="newbsp" value="true" description="" />
   <keyValuePair key="os" value="standalone" description="" />
   <keyValuePair key="procused" value="microblaze" description="" />
   <keyValuePair key="recordtype" value="APPCreation" description="" />
   <keyValuePair key="uid" value="1493915856000" description="" />
  </section>
  <section name="bsp/1493915853000" level="2" order="2" description="">
   <keyValuePair key="apptemplate" value="hello_world" description="" />
   <keyValuePair key="hwid" value="1493881376000" description="" />
   <keyValuePair key="os" value="standalone" description="" />
   <keyValuePair key="recordtype" value="BSPCreation" description="" />
   <keyValuePair key="uid" value="1493915853000" description="" />
  </section>
  <section name="bsp/1493917182406" level="2" order="3" description="">
   <keyValuePair key="bootgencount" value="0" description="" />
   <keyValuePair key="crosstriggcount" value="0" description="" />
   <keyValuePair key="debugcount" value="0" description="" />
   <keyValuePair key="flashcount" value="0" description="" />
   <keyValuePair key="perfcount" value="0" description="" />
   <keyValuePair key="qemudebugcount" value="0" description="" />
   <keyValuePair key="recordtype" value="ToolUsage" description="" />
   <keyValuePair key="uid" value="NA" description="" />
  </section>
 </section>
 <section name="vivado_usage" level="1" order="4" description="">
 </section>
</section>
</webTalkData>
