<?xml version="1.0" encoding="UTF-8"?>
<spirit:component xmlns:xilinx="http://www.xilinx.com"
		xmlns:spirit="http://www.spiritconsortium.org/XMLSchema/SPIRIT/1685-2009"
		xmlns:xsi="http://www.w3.org/2001/XMLSchema-instance">
	<spirit:vendor>xilinx.com</spirit:vendor>
	<spirit:library>customized_ip</spirit:library>
	<spirit:name>bd_6f02_one_0</spirit:name>
	<spirit:version>1.0</spirit:version>
	<spirit:model>
		<spirit:views>
			<spirit:view>
				<spirit:name>xilinx_verilogsynthesis</spirit:name>
				<spirit:displayName>Verilog Synthesis</spirit:displayName>
				<spirit:envIdentifier>verilogSource:vivado.xilinx.com:synthesis</spirit:envIdentifier>
				<spirit:language>verilog</spirit:language>
				<spirit:fileSetRef>
					<spirit:localName>xilinx_verilogsynthesis_view_fileset</spirit:localName>
				</spirit:fileSetRef>
				<spirit:parameters>
					<spirit:parameter>
						<spirit:name>GENtimestamp</spirit:name>
						<spirit:value>Sun Sep 24 17:14:28 UTC 2017</spirit:value>
					</spirit:parameter>
					<spirit:parameter>
						<spirit:name>outputProductCRC</spirit:name>
						<spirit:value>7:cf2ab18b</spirit:value>
					</spirit:parameter>
				</spirit:parameters>
			</spirit:view>
			<spirit:view>
				<spirit:name>xilinx_verilogsynthesiswrapper</spirit:name>
				<spirit:displayName>Verilog Synthesis Wrapper</spirit:displayName>
				<spirit:envIdentifier>verilogSource:vivado.xilinx.com:synthesis.wrapper</spirit:envIdentifier>
				<spirit:language>verilog</spirit:language>
				<spirit:fileSetRef>
					<spirit:localName>xilinx_verilogsynthesiswrapper_view_fileset</spirit:localName>
				</spirit:fileSetRef>
				<spirit:parameters>
					<spirit:parameter>
						<spirit:name>GENtimestamp</spirit:name>
						<spirit:value>Sun Sep 24 17:14:28 UTC 2017</spirit:value>
					</spirit:parameter>
					<spirit:parameter>
						<spirit:name>outputProductCRC</spirit:name>
						<spirit:value>7:cf2ab18b</spirit:value>
					</spirit:parameter>
				</spirit:parameters>
			</spirit:view>
			<spirit:view>
				<spirit:name>xilinx_verilogbehavioralsimulation</spirit:name>
				<spirit:displayName>Verilog Simulation</spirit:displayName>
				<spirit:envIdentifier>verilogSource:vivado.xilinx.com:simulation</spirit:envIdentifier>
				<spirit:language>verilog</spirit:language>
				<spirit:fileSetRef>
					<spirit:localName>xilinx_verilogbehavioralsimulation_view_fileset</spirit:localName>
				</spirit:fileSetRef>
				<spirit:parameters>
					<spirit:parameter>
						<spirit:name>GENtimestamp</spirit:name>
						<spirit:value>Sun Sep 24 17:14:28 UTC 2017</spirit:value>
					</spirit:parameter>
					<spirit:parameter>
						<spirit:name>outputProductCRC</spirit:name>
						<spirit:value>7:778f76b9</spirit:value>
					</spirit:parameter>
				</spirit:parameters>
			</spirit:view>
			<spirit:view>
				<spirit:name>xilinx_verilogsimulationwrapper</spirit:name>
				<spirit:displayName>Verilog Simulation Wrapper</spirit:displayName>
				<spirit:envIdentifier>verilogSource:vivado.xilinx.com:simulation.wrapper</spirit:envIdentifier>
				<spirit:language>verilog</spirit:language>
				<spirit:fileSetRef>
					<spirit:localName>xilinx_verilogsimulationwrapper_view_fileset</spirit:localName>
				</spirit:fileSetRef>
				<spirit:parameters>
					<spirit:parameter>
						<spirit:name>GENtimestamp</spirit:name>
						<spirit:value>Sun Sep 24 17:14:28 UTC 2017</spirit:value>
					</spirit:parameter>
					<spirit:parameter>
						<spirit:name>outputProductCRC</spirit:name>
						<spirit:value>7:778f76b9</spirit:value>
					</spirit:parameter>
				</spirit:parameters>
			</spirit:view>
		</spirit:views>
		<spirit:ports>
			<spirit:port>
				<spirit:name>dout</spirit:name>
				<spirit:wire>
					<spirit:direction>out</spirit:direction>
					<spirit:vector>
						<spirit:left spirit:format="long"
								spirit:resolve="dependent"
								spirit:dependency="(spirit:decode(id(&apos;MODELPARAM_VALUE.CONST_WIDTH&apos;)) - 1)">0</spirit:left>
						<spirit:right spirit:format="long">0</spirit:right>
					</spirit:vector>
					<spirit:wireTypeDefs>
						<spirit:wireTypeDef>
							<spirit:typeName>std_logic_vector</spirit:typeName>
							<spirit:viewNameRef>xilinx_verilogsynthesis</spirit:viewNameRef>
							<spirit:viewNameRef>xilinx_verilogbehavioralsimulation</spirit:viewNameRef>
						</spirit:wireTypeDef>
					</spirit:wireTypeDefs>
				</spirit:wire>
			</spirit:port>
		</spirit:ports>
		<spirit:modelParameters>
			<spirit:modelParameter xsi:type="spirit:nameValueTypeType"
					spirit:dataType="integer">
				<spirit:name>CONST_WIDTH</spirit:name>
				<spirit:displayName>Const Width</spirit:displayName>
				<spirit:value spirit:format="long"
						spirit:resolve="generated"
						spirit:id="MODELPARAM_VALUE.CONST_WIDTH">1</spirit:value>
			</spirit:modelParameter>
			<spirit:modelParameter spirit:dataType="integer">
				<spirit:name>CONST_VAL</spirit:name>
				<spirit:displayName>Const Val</spirit:displayName>
				<spirit:value spirit:format="bitString"
						spirit:resolve="generated"
						spirit:id="MODELPARAM_VALUE.CONST_VAL"
						spirit:bitStringLength="1">0x1</spirit:value>
			</spirit:modelParameter>
		</spirit:modelParameters>
	</spirit:model>
	<spirit:fileSets>
		<spirit:fileSet>
			<spirit:name>xilinx_verilogsynthesis_view_fileset</spirit:name>
			<spirit:file>
				<spirit:name>../../../../../ipshared/45df/hdl/xlconstant_v1_1_vl_rfs.v</spirit:name>
				<spirit:fileType>verilogSource</spirit:fileType>
				<spirit:logicalName>xlconstant_v1_1_3</spirit:logicalName>
			</spirit:file>
		</spirit:fileSet>
		<spirit:fileSet>
			<spirit:name>xilinx_verilogsynthesiswrapper_view_fileset</spirit:name>
			<spirit:file>
				<spirit:name>synth/bd_6f02_one_0.v</spirit:name>
				<spirit:fileType>verilogSource</spirit:fileType>
				<spirit:logicalName>xil_defaultlib</spirit:logicalName>
			</spirit:file>
		</spirit:fileSet>
		<spirit:fileSet>
			<spirit:name>xilinx_verilogbehavioralsimulation_view_fileset</spirit:name>
			<spirit:file>
				<spirit:name>../../../../../ipshared/45df/hdl/xlconstant_v1_1_vl_rfs.v</spirit:name>
				<spirit:fileType>verilogSource</spirit:fileType>
				<spirit:userFileType>USED_IN_ipstatic</spirit:userFileType>
				<spirit:logicalName>xlconstant_v1_1_3</spirit:logicalName>
			</spirit:file>
		</spirit:fileSet>
		<spirit:fileSet>
			<spirit:name>xilinx_verilogsimulationwrapper_view_fileset</spirit:name>
			<spirit:file>
				<spirit:name>sim/bd_6f02_one_0.v</spirit:name>
				<spirit:fileType>verilogSource</spirit:fileType>
				<spirit:logicalName>xil_defaultlib</spirit:logicalName>
			</spirit:file>
		</spirit:fileSet>
	</spirit:fileSets>
	<spirit:description>Gives a constant signed value.</spirit:description>
	<spirit:parameters>
		<spirit:parameter>
			<spirit:name>Component_Name</spirit:name>
			<spirit:value spirit:resolve="user"
					spirit:id="PARAM_VALUE.Component_Name"
					spirit:order="2">bd_6f02_one_0</spirit:value>
		</spirit:parameter>
		<spirit:parameter>
			<spirit:name>CONST_WIDTH</spirit:name>
			<spirit:displayName>Const Width</spirit:displayName>
			<spirit:value spirit:format="long"
					spirit:resolve="user"
					spirit:id="PARAM_VALUE.CONST_WIDTH"
					spirit:order="3"
					spirit:minimum="1"
					spirit:maximum="4096"
					spirit:rangeType="long">1</spirit:value>
		</spirit:parameter>
		<spirit:parameter>
			<spirit:name>CONST_VAL</spirit:name>
			<spirit:displayName>Const Val</spirit:displayName>
			<spirit:value spirit:resolve="user"
					spirit:id="PARAM_VALUE.CONST_VAL"
					spirit:order="4">1</spirit:value>
		</spirit:parameter>
	</spirit:parameters>
	<spirit:vendorExtensions>
		<xilinx:coreExtensions>
			<xilinx:displayName>Constant</xilinx:displayName>
			<xilinx:coreRevision>3</xilinx:coreRevision>
		</xilinx:coreExtensions>
		<xilinx:packagingInfo>
			<xilinx:xilinxVersion>2017.2</xilinx:xilinxVersion>
			<xilinx:checksum xilinx:scope="fileGroups"
					xilinx:value="2f4319a7"/>
			<xilinx:checksum xilinx:scope="ports"
					xilinx:value="5fdb66c4"/>
			<xilinx:checksum xilinx:scope="hdlParameters"
					xilinx:value="50afff8c"/>
			<xilinx:checksum xilinx:scope="parameters"
					xilinx:value="a0d91204"/>
		</xilinx:packagingInfo>
	</spirit:vendorExtensions>
</spirit:component>
