<?xml version="1.0" encoding="UTF-8"?>
<GenRun Id="design_1_axi_uartlite_2_0_synth_1" LaunchPart="xczu9eg-ffvb1156-2-i" LaunchTime="1493879255">
  <File Type="RDS-UTIL" Name="design_1_axi_uartlite_2_0_utilization_synth.rpt"/>
  <File Type="RDS-PROPCONSTRS" Name="design_1_axi_uartlite_2_0_drc_synth.rpt"/>
  <File Type="RDS-UTIL-PB" Name="design_1_axi_uartlite_2_0_utilization_synth.pb"/>
  <File Type="RDS-DCP" Name="design_1_axi_uartlite_2_0.dcp"/>
  <File Type="VDS-TIMINGSUMMARY" Name="design_1_axi_uartlite_2_0_timing_summary_synth.rpt"/>
  <File Type="VDS-TIMING-PB" Name="design_1_axi_uartlite_2_0_timing_summary_synth.pb"/>
  <File Type="RDS-RDS" Name="design_1_axi_uartlite_2_0.vds"/>
  <File Type="PA-TCL" Name="design_1_axi_uartlite_2_0.tcl"/>
  <FileSet Name="sources" Type="BlockSrcs" RelSrcDir="$PSRCDIR/design_1_axi_uartlite_2_0">
    <File Path="$PSRCDIR/sources_1/bd/design_1/ip/design_1_axi_uartlite_2_0/design_1_axi_uartlite_2_0.xci">
      <FileInfo>
        <Attr Name="Library" Val="xil_defaultlib"/>
        <Attr Name="ImportPath" Val="$PPRDIR/../../../../hardware_security/zcu102/root_of_trust/operational_os/vivado/zcu_microblaze_2/zcu_microblaze_2.srcs/sources_1/bd/design_1/ip/design_1_axi_uartlite_2_0/design_1_axi_uartlite_2_0.xci"/>
        <Attr Name="ImportTime" Val="1493920972"/>
        <Attr Name="UsedIn" Val="synthesis"/>
        <Attr Name="UsedIn" Val="implementation"/>
        <Attr Name="UsedIn" Val="simulation"/>
        <Attr Name="ProcessingOrder" Val="EARLY"/>
      </FileInfo>
    </File>
    <Config>
      <Option Name="TopModule" Val="design_1_axi_uartlite_2_0"/>
      <Option Name="UseBlackboxStub" Val="1"/>
    </Config>
  </FileSet>
  <FileSet Name="constrs_in" Type="BlockSrcs" RelSrcDir="$PSRCDIR/design_1_axi_uartlite_2_0">
    <File Path="$PSRCDIR/sources_1/bd/design_1/ip/design_1_axi_uartlite_2_0/design_1_axi_uartlite_2_0.xci">
      <FileInfo>
        <Attr Name="Library" Val="xil_defaultlib"/>
        <Attr Name="ImportPath" Val="$PPRDIR/../../../../hardware_security/zcu102/root_of_trust/operational_os/vivado/zcu_microblaze_2/zcu_microblaze_2.srcs/sources_1/bd/design_1/ip/design_1_axi_uartlite_2_0/design_1_axi_uartlite_2_0.xci"/>
        <Attr Name="ImportTime" Val="1493920972"/>
        <Attr Name="UsedIn" Val="synthesis"/>
        <Attr Name="UsedIn" Val="implementation"/>
        <Attr Name="UsedIn" Val="simulation"/>
        <Attr Name="ProcessingOrder" Val="EARLY"/>
      </FileInfo>
    </File>
    <Config>
      <Option Name="TopModule" Val="design_1_axi_uartlite_2_0"/>
      <Option Name="UseBlackboxStub" Val="1"/>
    </Config>
  </FileSet>
  <Strategy Version="1" Minor="2">
    <StratHandle Name="Vivado Synthesis Defaults" Flow="Vivado Synthesis 2017"/>
    <Step Id="synth_design"/>
  </Strategy>
</GenRun>
