<?xml version="1.0" encoding="utf-8"?>
<xd:acceleratorMap xmlns:xd="http://www.xilinx.com/xidane" xd:functionName="crypto_sign" xd:componentRef="crypto_sign" xd:initiationInterval="x" xd:clockPeriod="10.000000" xd:sequential="true" xd:hostMachine="64" xd:reset="control">
  <xd:returnValue xd:interfaceRef="s_axi_AXILiteS" xd:busTypeRef="axilite" xd:offset="0x10" xd:statusOffset="0x14" xd:dataWidth="32"/>
  <xd:controlReg xd:name="control" xd:interfaceRef="s_axi_AXILiteS" xd:busTypeRef="axilite" xd:type="generic_axi_lite" xd:offset="0x0"/>
  <xd:arg xd:name="mem[]" xd:originalName="mem" xd:direction="inout" xd:interfaceRef="m_axi_mem" xd:busTypeRef="aximm" xd:arraySize="32768" xd:dataWidth="8" xd:bufferDirection="in"/>
  <xd:arg xd:name="num_blocks" xd:originalName="num_blocks" xd:direction="in" xd:interfaceRef="s_axi_AXILiteS" xd:busTypeRef="axilite" xd:offset="0x18" xd:handshakeRef="ap_none" xd:dataWidth="32"/>
  <xd:arg xd:name="sk[]" xd:originalName="sk" xd:direction="in" xd:interfaceRef="s_axi_AXILiteS" xd:busTypeRef="axilite" xd:offset="0x40" xd:arraySize="64" xd:dataWidth="8"/>
  <xd:arg xd:name="signature_out[]" xd:originalName="signature_out" xd:direction="out" xd:interfaceRef="s_axi_AXILiteS" xd:busTypeRef="axilite" xd:offset="0x80" xd:arraySize="64" xd:dataWidth="8"/>
  <xd:latencyEstimates xd:best-case="undef" xd:worst-case="undef" xd:average-case="undef"/>
  <xd:resourceEstimates xd:LUT="77498" xd:FF="18000" xd:BRAM="245" xd:DSP="68"/>
</xd:acceleratorMap>
