<?xml version="1.0" encoding="utf-8"?>
<xd:acceleratorMap xmlns:xd="http://www.xilinx.com/xidane" xd:functionName="ed25519_sign" xd:componentRef="ed25519_sign" xd:initiationInterval="x" xd:clockPeriod="10.000000" xd:sequential="true" xd:hostMachine="64" xd:reset="control">
  <xd:controlReg xd:name="control" xd:interfaceRef="s_axi_AXILiteS" xd:busTypeRef="axilite" xd:type="generic_axi_lite" xd:offset="0x0"/>
  <xd:arg xd:name="signature[]" xd:originalName="signature" xd:direction="inout" xd:interfaceRef="s_axi_AXILiteS" xd:busTypeRef="axilite" xd:offset="0x40" xd:arraySize="64" xd:dataWidth="8"/>
  <xd:arg xd:name="microblaze_mem[]" xd:originalName="microblaze_mem" xd:direction="inout" xd:interfaceRef="m_axi_microblaze_mem" xd:busTypeRef="aximm" xd:arraySize="32768" xd:dataWidth="8" xd:bufferDirection="in"/>
  <xd:arg xd:name="blocks_in" xd:originalName="blocks_in" xd:direction="in" xd:interfaceRef="s_axi_AXILiteS" xd:busTypeRef="axilite" xd:offset="0x80" xd:handshakeRef="ap_vld" xd:dataWidth="64"/>
  <xd:arg xd:name="public_key[]" xd:originalName="public_key" xd:direction="in" xd:interfaceRef="s_axi_AXILiteS" xd:busTypeRef="axilite" xd:offset="0xA0" xd:arraySize="32" xd:dataWidth="8"/>
  <xd:arg xd:name="private_key[]" xd:originalName="private_key" xd:direction="in" xd:interfaceRef="s_axi_AXILiteS" xd:busTypeRef="axilite" xd:offset="0xC0" xd:arraySize="64" xd:dataWidth="8"/>
  <xd:latencyEstimates xd:best-case="undef" xd:worst-case="undef" xd:average-case="undef"/>
  <xd:resourceEstimates xd:LUT="138724" xd:FF="189430" xd:BRAM="131" xd:DSP="125"/>
</xd:acceleratorMap>
