DB_SIZE,SW_MATCHED,SW_ELAPSED,HW_MATCHED,HW_ELAPSED
500,128,0.001698,128,0.316911
500,128,0.001738,128,0.316864
500,128,0.001677,128,0.316932
500,128,0.001762,128,0.316936
500,128,0.001766,128,0.316928
500,128,0.001713,128,0.316575
500,128,0.001712,128,0.316843
500,128,0.001720,128,0.316918
500,128,0.001742,128,0.316918
500,128,0.001698,128,0.316904
500,128,0.001697,128,0.316608
500,128,0.001726,128,0.316659
500,128,0.001727,128,0.316519
500,128,0.001734,128,0.316599
500,128,0.001734,128,0.314959
500,128,0.001757,128,0.316924
500,128,0.001698,128,0.316931
500,128,0.001761,128,0.316912
500,128,0.001755,128,0.314833
500,128,0.001730,128,0.316848
500,128,0.001746,128,0.316366
500,128,0.001766,128,0.315314
500,128,0.001701,128,0.316671
500,128,0.001741,128,0.316891
500,128,0.001726,128,0.316918
500,128,0.001735,128,0.316597
500,128,0.001732,128,0.316925
500,128,0.001761,128,0.316595
500,128,0.001715,128,0.316914
500,128,0.001690,128,0.316746
500,128,0.001745,128,0.316921
500,128,0.001720,128,0.316930
500,128,0.001806,128,0.303252
500,128,0.001729,128,0.316917
500,128,0.001746,128,0.316854
500,128,0.001751,128,0.316127
500,128,0.001719,128,0.316827
500,128,0.001697,128,0.316924
500,128,0.001739,128,0.316936
500,128,0.001686,128,0.316638
500,128,0.001686,128,0.316932
500,128,0.001697,128,0.316759
500,128,0.001698,128,0.316903
500,128,0.001748,128,0.316910
500,128,0.001758,128,0.316937
500,128,0.001733,128,0.316688
500,128,0.001692,128,0.316919
500,128,0.001684,128,0.314560
500,128,0.001743,128,0.316903
500,128,0.001737,128,0.316937
500,128,0.001697,128,0.315570
500,128,0.001779,128,0.315766
500,128,0.001752,128,0.313950
500,128,0.001689,128,0.316890
500,128,0.001755,128,0.312453
500,128,0.001744,128,0.316606
500,128,0.001734,128,0.316855
500,128,0.001744,128,0.316935
500,128,0.001752,128,0.316527
500,128,0.001738,128,0.316052
500,128,0.001702,128,0.316529
500,128,0.001719,128,0.316541
500,128,0.001694,128,0.316932
500,128,0.001721,128,0.316937
500,128,0.001754,128,0.316913
500,128,0.001722,128,0.316547
500,128,0.001736,128,0.316581
500,128,0.001741,128,0.316889
500,128,0.001748,128,0.316921
500,128,0.001714,128,0.316919
500,128,0.001738,128,0.316789
500,128,0.001754,128,0.316837
500,128,0.001757,128,0.316802
500,128,0.001743,128,0.316808
500,128,0.001749,128,0.316824
500,128,0.001696,128,0.316818
500,128,0.001714,128,0.315531
500,128,0.001725,128,0.316715
500,128,0.001684,128,0.316268
500,128,0.001716,128,0.316680
500,128,0.001772,128,0.316736
500,128,0.001749,128,0.316591
500,128,0.001749,128,0.316934
500,128,0.001686,128,0.316519
500,128,0.001739,128,0.316493
500,128,0.001753,128,0.316933
500,128,0.001692,128,0.316592
500,128,0.001777,128,0.316909
500,128,0.001729,128,0.316537
500,128,0.001732,128,0.316536
500,128,0.001682,128,0.316320
500,128,0.001717,128,0.316938
500,128,0.001741,128,0.316923
500,128,0.001735,128,0.316600
500,128,0.001768,128,0.316939
500,128,0.001751,128,0.316610
500,128,0.001731,128,0.314885
500,128,0.001688,128,0.316926
500,128,0.001715,128,0.316576
500,128,0.001690,128,0.316936
1000,128,0.003400,128,0.316844
1000,128,0.003465,128,0.316523
1000,128,0.003477,128,0.316940
1000,128,0.003413,128,0.316939
1000,128,0.003497,128,0.300950
1000,128,0.003514,128,0.310956
1000,128,0.003370,128,0.316936
1000,128,0.003464,128,0.315691
1000,128,0.003427,128,0.316904
1000,128,0.003477,128,0.315734
1000,128,0.003423,128,0.316222
1000,128,0.003482,128,0.316939
1000,128,0.003468,128,0.316796
1000,128,0.003425,128,0.315633
1000,128,0.003354,128,0.315860
1000,128,0.003376,128,0.315726
1000,128,0.003407,128,0.316917
1000,128,0.003402,128,0.314338
1000,128,0.003374,128,0.316929
1000,128,0.003500,128,0.316209
1000,128,0.003362,128,0.315685
1000,128,0.003429,128,0.315202
1000,128,0.003427,128,0.316934
1000,128,0.003381,128,0.315966
1000,128,0.003433,128,0.316271
1000,128,0.003493,128,0.316939
1000,128,0.003350,128,0.316869
1000,128,0.003384,128,0.314436
1000,128,0.003472,128,0.316804
1000,128,0.003451,128,0.315416
1000,128,0.003497,128,0.314908
1000,128,0.003375,128,0.315941
1000,128,0.003393,128,0.311526
1000,128,0.003450,128,0.316934
1000,128,0.003347,128,0.316601
1000,128,0.003362,128,0.314792
1000,128,0.003470,128,0.316838
1000,128,0.003501,128,0.316839
1000,128,0.003674,128,0.316829
1000,128,0.003482,128,0.316779
1000,128,0.003383,128,0.316836
1000,128,0.003528,128,0.316873
1000,128,0.003492,128,0.316840
1000,128,0.003367,128,0.316932
1000,128,0.003487,128,0.316869
1000,128,0.003493,128,0.316933
1000,128,0.003423,128,0.316634
1000,128,0.003431,128,0.316913
1000,128,0.003483,128,0.314898
1000,128,0.003424,128,0.316791
1000,128,0.003503,128,0.316940
1000,128,0.003426,128,0.316939
1000,128,0.003494,128,0.316940
1000,128,0.003439,128,0.316674
1000,128,0.003423,128,0.316922
1000,128,0.003445,128,0.316936
1000,128,0.003364,128,0.316936
1000,128,0.003518,128,0.316862
1000,128,0.003458,128,0.316939
1000,128,0.003467,128,0.316917
1000,128,0.003454,128,0.316941
1000,128,0.003504,128,0.316930
1000,128,0.003359,128,0.316872
1000,128,0.003500,128,0.316936
1000,128,0.003465,128,0.316575
1000,128,0.003369,128,0.316939
1000,128,0.003472,128,0.316803
1000,128,0.003456,128,0.316890
1000,128,0.003427,128,0.316932
1000,128,0.003390,128,0.316921
1000,128,0.003437,128,0.316926
1000,128,0.003465,128,0.316936
1000,128,0.003374,128,0.316906
1000,128,0.003417,128,0.316939
1000,128,0.003428,128,0.316940
1000,128,0.003454,128,0.316920
1000,128,0.003486,128,0.316914
1000,128,0.003462,128,0.316670
1000,128,0.003452,128,0.316826
1000,128,0.003499,128,0.316673
1000,128,0.003462,128,0.316584
1000,128,0.003425,128,0.314262
1000,128,0.003377,128,0.316674
1000,128,0.003450,128,0.316475
1000,128,0.003434,128,0.315161
1000,128,0.003494,128,0.316587
1000,128,0.003508,128,0.316939
1000,128,0.003384,128,0.316674
1000,128,0.003410,128,0.316490
1000,128,0.003513,128,0.316609
1000,128,0.003420,128,0.316576
1000,128,0.003407,128,0.316935
1000,128,0.003479,128,0.316672
1000,128,0.003447,128,0.316847
1000,128,0.003490,128,0.316939
1000,128,0.003470,128,0.316675
1000,128,0.003465,128,0.316935
1000,128,0.003439,128,0.316918
1000,128,0.003478,128,0.316854
1000,128,0.003448,128,0.316937
1500,128,0.005213,128,0.316672
1500,128,0.005060,128,0.316930
1500,128,0.005245,128,0.316932
1500,128,0.005208,128,0.316870
1500,128,0.005167,128,0.316940
1500,128,0.005065,128,0.316937
1500,128,0.005072,128,0.316939
1500,128,0.005041,128,0.316676
1500,128,0.005047,128,0.316848
1500,128,0.005233,128,0.316916
1500,128,0.005241,128,0.316929
1500,128,0.005044,128,0.316934
1500,128,0.005065,128,0.316917
1500,128,0.005213,128,0.316867
1500,128,0.005024,128,0.316940
1500,128,0.005129,128,0.316918
1500,128,0.005129,128,0.316935
1500,128,0.005263,128,0.316938
1500,128,0.005065,128,0.316865
1500,128,0.005190,128,0.316938
1500,128,0.005235,128,0.316926
1500,128,0.005282,128,0.316937
1500,128,0.005196,128,0.316931
1500,128,0.005241,128,0.316826
1500,128,0.005062,128,0.316676
1500,128,0.005136,128,0.316931
1500,128,0.005164,128,0.316939
1500,128,0.005192,128,0.316834
1500,128,0.005218,128,0.316841
1500,128,0.005052,128,0.316675
1500,128,0.005214,128,0.316930
1500,128,0.005174,128,0.316935
1500,128,0.005090,128,0.316757
1500,128,0.005210,128,0.316923
1500,128,0.005241,128,0.316934
1500,128,0.005235,128,0.316909
1500,128,0.005239,128,0.316934
1500,128,0.005219,128,0.316825
1500,128,0.005227,128,0.316933
1500,128,0.005092,128,0.316835
1500,128,0.005126,128,0.316917
1500,128,0.005174,128,0.316827
1500,128,0.005050,128,0.316876
1500,128,0.005039,128,0.316919
1500,128,0.005226,128,0.316913
1500,128,0.005114,128,0.316925
1500,128,0.005150,128,0.316939
1500,128,0.005164,128,0.316827
1500,128,0.005162,128,0.316833
1500,128,0.005080,128,0.316674
1500,128,0.005185,128,0.316939
1500,128,0.005209,128,0.316594
1500,128,0.005067,128,0.316885
1500,128,0.005240,128,0.316602
1500,128,0.005190,128,0.316905
1500,128,0.005195,128,0.316920
1500,128,0.005241,128,0.316675
1500,128,0.005204,128,0.316887
1500,128,0.005183,128,0.316933
1500,128,0.005203,128,0.316481
1500,128,0.005152,128,0.316933
1500,128,0.005062,128,0.316931
1500,128,0.005052,128,0.316924
1500,128,0.005052,128,0.316661
1500,128,0.005172,128,0.316895
1500,128,0.005268,128,0.316938
1500,128,0.005252,128,0.316920
1500,128,0.005079,128,0.316919
1500,128,0.005229,128,0.316914
1500,128,0.005187,128,0.316910
1500,128,0.005219,128,0.316916
1500,128,0.005140,128,0.316671
1500,128,0.005137,128,0.316915
1500,128,0.005069,128,0.316912
1500,128,0.005131,128,0.316903
1500,128,0.005264,128,0.316834
1500,128,0.005178,128,0.316870
1500,128,0.005219,128,0.316939
1500,128,0.005095,128,0.315165
1500,128,0.005216,128,0.316925
1500,128,0.005186,128,0.316933
1500,128,0.005017,128,0.316868
1500,128,0.005223,128,0.316926
1500,128,0.005202,128,0.316923
1500,128,0.005151,128,0.316942
1500,128,0.005147,128,0.316673
1500,128,0.005188,128,0.316388
1500,128,0.005172,128,0.316931
1500,128,0.005042,128,0.316638
1500,128,0.005058,128,0.316939
1500,128,0.005244,128,0.316586
1500,128,0.005186,128,0.316890
1500,128,0.005136,128,0.316933
1500,128,0.005172,128,0.316824
1500,128,0.005092,128,0.316940
1500,128,0.005154,128,0.316834
1500,128,0.005014,128,0.316724
1500,128,0.005144,128,0.316939
1500,128,0.005050,128,0.316927
1500,128,0.005195,128,0.316818
2000,128,0.006947,128,0.316939
2000,128,0.006975,128,0.316937
2000,128,0.006864,128,0.316939
2000,128,0.006741,128,0.316651
2000,128,0.006863,128,0.316940
2000,128,0.006824,128,0.316869
2000,128,0.006743,128,0.316935
2000,128,0.006879,128,0.316525
2000,128,0.006760,128,0.316937
2000,128,0.006996,128,0.316934
2000,128,0.006814,128,0.316892
2000,128,0.006957,128,0.316938
2000,128,0.006907,128,0.316930
2000,128,0.006882,128,0.316939
2000,128,0.006965,128,0.316940
2000,128,0.006968,128,0.316939
2000,128,0.007059,128,0.316673
2000,128,0.006986,128,0.316912
2000,128,0.006871,128,0.314839
2000,128,0.006966,128,0.316870
2000,128,0.006761,128,0.314817
2000,128,0.006902,128,0.316927
2000,128,0.006883,128,0.316760
2000,128,0.006996,128,0.316939
2000,128,0.007029,128,0.316856
2000,128,0.006722,128,0.316910
2000,128,0.006989,128,0.316929
2000,128,0.006692,128,0.316934
2000,128,0.006963,128,0.316895
2000,128,0.006764,128,0.316939
2000,128,0.006938,128,0.316668
2000,128,0.006839,128,0.316939
2000,128,0.006977,128,0.316939
2000,128,0.006691,128,0.316862
2000,128,0.006744,128,0.316939
2000,128,0.006848,128,0.316930
2000,128,0.006678,128,0.316939
2000,128,0.007019,128,0.316939
2000,128,0.006986,128,0.316938
2000,128,0.007014,128,0.316938
2000,128,0.006770,128,0.316918
2000,128,0.006725,128,0.316930
2000,128,0.007042,128,0.316871
2000,128,0.006879,128,0.316940
2000,128,0.006899,128,0.316939
2000,128,0.006892,128,0.316938
2000,128,0.007017,128,0.316620
2000,128,0.006828,128,0.316873
2000,128,0.006895,128,0.315681
2000,128,0.006716,128,0.314990
2000,128,0.006726,128,0.316939
2000,128,0.006958,128,0.316475
2000,128,0.006940,128,0.316933
2000,128,0.006804,128,0.316939
2000,128,0.006730,128,0.315289
2000,128,0.006705,128,0.316937
2000,128,0.006882,128,0.316790
2000,128,0.006972,128,0.316935
2000,128,0.006908,128,0.316913
2000,128,0.006777,128,0.316939
2000,128,0.006733,128,0.316565
2000,128,0.006850,128,0.316586
2000,128,0.006891,128,0.316939
2000,128,0.007001,128,0.316917
2000,128,0.007012,128,0.316934
2000,128,0.006883,128,0.316870
2000,128,0.006749,128,0.316941
2000,128,0.006848,128,0.316938
2000,128,0.006885,128,0.316933
2000,128,0.006723,128,0.316884
2000,128,0.006773,128,0.316814
2000,128,0.006889,128,0.316939
2000,128,0.006919,128,0.316916
2000,128,0.006786,128,0.316939
2000,128,0.006910,128,0.316880
2000,128,0.006898,128,0.316912
2000,128,0.006864,128,0.316930
2000,128,0.007002,128,0.316915
2000,128,0.006868,128,0.316932
2000,128,0.006907,128,0.316881
2000,128,0.006704,128,0.316916
2000,128,0.006989,128,0.316438
2000,128,0.006865,128,0.315805
2000,128,0.006701,128,0.316931
2000,128,0.006965,128,0.316860
2000,128,0.006944,128,0.315483
2000,128,0.006739,128,0.316907
2000,128,0.006978,128,0.316938
2000,128,0.006994,128,0.316868
2000,128,0.006874,128,0.316928
2000,128,0.006842,128,0.316389
2000,128,0.006969,128,0.316920
2000,128,0.006999,128,0.316916
2000,128,0.006779,128,0.316749
2000,128,0.006896,128,0.316919
2000,128,0.006787,128,0.316917
2000,128,0.006977,128,0.316935
2000,128,0.006714,128,0.316498
2000,128,0.006781,128,0.316938
2000,128,0.006765,128,0.316908
2500,128,0.008384,128,0.316925
2500,128,0.008720,128,0.316565
2500,128,0.008412,128,0.316635
2500,128,0.008666,128,0.316940
2500,128,0.008643,128,0.316924
2500,128,0.008683,128,0.316823
2500,128,0.008477,128,0.316851
2500,128,0.008677,128,0.316939
2500,128,0.008690,128,0.315132
2500,128,0.008730,128,0.316918
2500,128,0.008472,128,0.316934
2500,128,0.008580,128,0.316527
2500,128,0.008744,128,0.316914
2500,128,0.008682,128,0.316575
2500,128,0.008717,128,0.316939
2500,128,0.008400,128,0.316865
2500,128,0.008407,128,0.316915
2500,128,0.008560,128,0.316924
2500,128,0.008776,128,0.316928
2500,128,0.008788,128,0.316675
2500,128,0.008701,128,0.316915
2500,128,0.008619,128,0.315147
2500,128,0.008690,128,0.316940
2500,128,0.008590,128,0.316914
2500,128,0.008775,128,0.316516
2500,128,0.008612,128,0.314630
2500,128,0.008404,128,0.316580
2500,128,0.008811,128,0.314926
2500,128,0.008472,128,0.316854
2500,128,0.008672,128,0.316940
2500,128,0.008753,128,0.316719
2500,128,0.008664,128,0.316601
2500,128,0.008570,128,0.316676
2500,128,0.008512,128,0.316921
2500,128,0.008456,128,0.316930
2500,128,0.008730,128,0.316581
2500,128,0.008727,128,0.316677
2500,128,0.008457,128,0.316845
2500,128,0.008434,128,0.316932
2500,128,0.008420,128,0.316916
2500,128,0.008648,128,0.315818
2500,128,0.008469,128,0.316891
2500,128,0.008466,128,0.316938
2500,128,0.008854,128,0.316668
2500,128,0.008615,128,0.316935
2500,128,0.008391,128,0.316931
2500,128,0.008537,128,0.316920
2500,128,0.008608,128,0.316914
2500,128,0.008701,128,0.316919
2500,128,0.008562,128,0.316600
2500,128,0.008398,128,0.316847
2500,128,0.008680,128,0.316917
2500,128,0.008833,128,0.316925
2500,128,0.008631,128,0.316940
2500,128,0.008772,128,0.316782
2500,128,0.008555,128,0.316933
2500,128,0.008707,128,0.316926
2500,128,0.008552,128,0.316601
2500,128,0.008671,128,0.316916
2500,128,0.008587,128,0.316884
2500,128,0.008747,128,0.316920
2500,128,0.008751,128,0.316909
2500,128,0.008556,128,0.316938
2500,128,0.008651,128,0.316823
2500,128,0.008465,128,0.316920
2500,128,0.008676,128,0.316646
2500,128,0.008738,128,0.316930
2500,128,0.008807,128,0.316920
2500,128,0.008685,128,0.316919
2500,128,0.008406,128,0.315177
2500,128,0.008700,128,0.316925
2500,128,0.008428,128,0.316917
2500,128,0.008405,128,0.316868
2500,128,0.008491,128,0.316932
2500,128,0.008803,128,0.316895
2500,128,0.008760,128,0.316917
2500,128,0.008740,128,0.316855
2500,128,0.008691,128,0.316938
2500,128,0.008420,128,0.316917
2500,128,0.008472,128,0.316936
2500,128,0.008698,128,0.316675
2500,128,0.008385,128,0.316917
2500,128,0.008572,128,0.316674
2500,128,0.008561,128,0.316919
2500,128,0.008765,128,0.316930
2500,128,0.008728,128,0.316858
2500,128,0.008573,128,0.316913
2500,128,0.008521,128,0.316919
2500,128,0.008655,128,0.316939
2500,128,0.008579,128,0.316840
2500,128,0.008833,128,0.316614
2500,128,0.008708,128,0.315164
2500,128,0.008663,128,0.316939
2500,128,0.008669,128,0.316670
2500,128,0.008645,128,0.316482
2500,128,0.008370,128,0.315684
2500,128,0.008696,128,0.316894
2500,128,0.008396,128,0.316931
2500,128,0.008572,128,0.316846
2500,128,0.008624,128,0.316938
3000,128,0.010183,128,0.316905
3000,128,0.010076,128,0.316938
3000,128,0.010306,128,0.316667
3000,128,0.010392,128,0.316590
3000,128,0.010291,128,0.315699
3000,128,0.010335,128,0.316932
3000,128,0.010474,128,0.316496
3000,128,0.010291,128,0.316916
3000,128,0.010116,128,0.316938
3000,128,0.010312,128,0.316924
3000,128,0.010431,128,0.316934
3000,128,0.010247,128,0.316916
3000,128,0.010342,128,0.316910
3000,128,0.010062,128,0.316930
3000,128,0.010290,128,0.316920
3000,128,0.010465,128,0.316853
3000,128,0.010489,128,0.316919
3000,128,0.010106,128,0.316906
3000,128,0.010247,128,0.316939
3000,128,0.010299,128,0.316850
3000,128,0.010439,128,0.316933
3000,128,0.010390,128,0.316912
3000,128,0.010492,128,0.316941
3000,128,0.010493,128,0.316872
3000,128,0.010155,128,0.316912
3000,128,0.010373,128,0.316906
3000,128,0.010418,128,0.316934
3000,128,0.010120,128,0.316791
3000,128,0.010307,128,0.316928
3000,128,0.010107,128,0.316902
3000,128,0.010109,128,0.316930
3000,128,0.010335,128,0.316924
3000,128,0.010347,128,0.316912
3000,128,0.010426,128,0.316927
3000,128,0.010280,128,0.316894
3000,128,0.010382,128,0.316917
3000,128,0.010546,128,0.316941
3000,128,0.010477,128,0.316906
3000,128,0.010263,128,0.316929
3000,128,0.010065,128,0.316939
3000,128,0.010442,128,0.316817
3000,128,0.010391,128,0.316925
3000,128,0.010265,128,0.316841
3000,128,0.010205,128,0.316939
3000,128,0.010221,128,0.316807
3000,128,0.010314,128,0.316940
3000,128,0.010115,128,0.316914
3000,128,0.010432,128,0.316907
3000,128,0.010131,128,0.316861
3000,128,0.010428,128,0.316913
3000,128,0.010467,128,0.316922
3000,128,0.010467,128,0.316920
3000,128,0.010172,128,0.316862
3000,128,0.010149,128,0.316917
3000,128,0.010444,128,0.316406
3000,128,0.010505,128,0.316560
3000,128,0.010150,128,0.316564
3000,128,0.010322,128,0.316594
3000,128,0.010404,128,0.316914
3000,128,0.010388,128,0.316916
3000,128,0.010549,128,0.316930
3000,128,0.010431,128,0.316921
3000,128,0.010391,128,0.316779
3000,128,0.010188,128,0.316919
3000,128,0.010356,128,0.316912
3000,128,0.010153,128,0.316840
3000,128,0.010114,128,0.316785
3000,128,0.010258,128,0.316926
3000,128,0.010228,128,0.316939
3000,128,0.010463,128,0.316849
3000,128,0.010249,128,0.316939
3000,128,0.010146,128,0.316912
3000,128,0.010398,128,0.316940
3000,128,0.010535,128,0.316850
3000,128,0.010538,128,0.316935
3000,128,0.010570,128,0.316920
3000,128,0.010371,128,0.316940
3000,128,0.010135,128,0.316800
3000,128,0.010178,128,0.316940
3000,128,0.010539,128,0.316741
3000,128,0.010092,128,0.316939
3000,128,0.010194,128,0.316940
3000,128,0.010493,128,0.316941
3000,128,0.010299,128,0.316676
3000,128,0.010351,128,0.316941
3000,128,0.010282,128,0.316670
3000,128,0.010404,128,0.316940
3000,128,0.010355,128,0.316897
3000,128,0.010341,128,0.316893
3000,128,0.010454,128,0.316887
3000,128,0.010533,128,0.316887
3000,128,0.010150,128,0.315200
3000,128,0.010393,128,0.316923
3000,128,0.010338,128,0.316940
3000,128,0.010501,128,0.316886
3000,128,0.010284,128,0.315505
3000,128,0.010417,128,0.316924
3000,128,0.010360,128,0.316939
3000,128,0.010553,128,0.316856
3000,128,0.010136,128,0.316908
3500,128,0.012168,128,0.316900
3500,128,0.012146,128,0.316940
3500,128,0.012162,128,0.316843
3500,128,0.012182,128,0.316940
3500,128,0.012190,128,0.316925
3500,128,0.012202,128,0.316938
3500,128,0.012230,128,0.316534
3500,128,0.012240,128,0.316933
3500,128,0.012323,128,0.316925
3500,128,0.011890,128,0.316939
3500,128,0.012259,128,0.316859
3500,128,0.012094,128,0.316939
3500,128,0.012113,128,0.316886
3500,128,0.012214,128,0.316939
3500,128,0.012178,128,0.316848
3500,128,0.012115,128,0.315333
3500,128,0.011982,128,0.316915
3500,128,0.012044,128,0.316925
3500,128,0.011833,128,0.316787
3500,128,0.012318,128,0.315461
3500,128,0.012239,128,0.316925
3500,128,0.012182,128,0.316941
3500,128,0.011820,128,0.316859
3500,128,0.012097,128,0.315498
3500,128,0.012251,128,0.316923
3500,128,0.012179,128,0.316909
3500,128,0.012179,128,0.316844
3500,128,0.011897,128,0.316940
3500,128,0.012161,128,0.316924
3500,128,0.012226,128,0.316909
3500,128,0.011834,128,0.316608
3500,128,0.012177,128,0.315355
3500,128,0.012185,128,0.316918
3500,128,0.012225,128,0.316674
3500,128,0.011985,128,0.316847
3500,128,0.012179,128,0.315368
3500,128,0.012014,128,0.316891
3500,128,0.011860,128,0.316937
3500,128,0.011980,128,0.316908
3500,128,0.012278,128,0.316941
3500,128,0.012285,128,0.316936
3500,128,0.012078,128,0.316676
3500,128,0.012279,128,0.316941
3500,128,0.012139,128,0.315821
3500,128,0.011836,128,0.316941
3500,128,0.012004,128,0.316676
3500,128,0.012060,128,0.316940
3500,128,0.012163,128,0.315367
3500,128,0.012089,128,0.316939
3500,128,0.011809,128,0.316835
3500,128,0.012104,128,0.316919
3500,128,0.011834,128,0.316674
3500,128,0.011780,128,0.316918
3500,128,0.011799,128,0.316940
3500,128,0.012237,128,0.316935
3500,128,0.012238,128,0.316894
3500,128,0.012029,128,0.316908
3500,128,0.012123,128,0.316914
3500,128,0.011869,128,0.316935
3500,128,0.011813,128,0.316939
3500,128,0.011798,128,0.316902
3500,128,0.012007,128,0.316871
3500,128,0.011783,128,0.316900
3500,128,0.011795,128,0.315629
3500,128,0.012004,128,0.316940
3500,128,0.012084,128,0.316925
3500,128,0.011862,128,0.316940
3500,128,0.012090,128,0.316675
3500,128,0.011821,128,0.316932
3500,128,0.012259,128,0.316811
3500,128,0.012094,128,0.316939
3500,128,0.011781,128,0.316915
3500,128,0.012085,128,0.316929
3500,128,0.012150,128,0.316846
3500,128,0.012267,128,0.316862
3500,128,0.011847,128,0.315668
3500,128,0.011749,128,0.316935
3500,128,0.012168,128,0.316557
3500,128,0.012191,128,0.316887
3500,128,0.011893,128,0.316930
3500,128,0.011764,128,0.316923
3500,128,0.012188,128,0.316861
3500,128,0.011921,128,0.316893
3500,128,0.012345,128,0.316885
3500,128,0.012132,128,0.316939
3500,128,0.012326,128,0.316779
3500,128,0.012030,128,0.316891
3500,128,0.012393,128,0.316931
3500,128,0.012206,128,0.316891
3500,128,0.011987,128,0.316847
3500,128,0.012053,128,0.316881
3500,128,0.011946,128,0.316930
3500,128,0.012076,128,0.316914
3500,128,0.012196,128,0.316559
3500,128,0.011813,128,0.316935
3500,128,0.012283,128,0.316913
3500,128,0.012113,128,0.316941
3500,128,0.012083,128,0.316842
3500,128,0.012020,128,0.316935
3500,128,0.012262,128,0.316898
4000,128,0.013751,128,0.316932
4000,128,0.013533,128,0.316845
4000,128,0.013988,128,0.315411
4000,128,0.013731,128,0.316913
4000,128,0.013942,128,0.316940
4000,128,0.013975,128,0.316935
4000,128,0.013833,128,0.316929
4000,128,0.013841,128,0.316940
4000,128,0.013789,128,0.316930
4000,128,0.013923,128,0.316940
4000,128,0.013830,128,0.316921
4000,128,0.013892,128,0.316932
4000,128,0.013596,128,0.316798
4000,128,0.013781,128,0.316935
4000,128,0.013687,128,0.316802
4000,128,0.013892,128,0.316940
4000,128,0.013766,128,0.316863
4000,128,0.013711,128,0.316078
4000,128,0.014060,128,0.316359
4000,128,0.013886,128,0.316668
4000,128,0.013989,128,0.316799
4000,128,0.013588,128,0.316641
4000,128,0.013792,128,0.316931
4000,128,0.013536,128,0.316676
4000,128,0.013540,128,0.316883
4000,128,0.013714,128,0.315375
4000,128,0.014003,128,0.316900
4000,128,0.014055,128,0.316885
4000,128,0.014026,128,0.316939
4000,128,0.013469,128,0.316931
4000,128,0.013707,128,0.316939
4000,128,0.013910,128,0.316889
4000,128,0.013799,128,0.315437
4000,128,0.013583,128,0.316931
4000,128,0.014000,128,0.316935
4000,128,0.013455,128,0.316849
4000,128,0.013458,128,0.316939
4000,128,0.013884,128,0.316925
4000,128,0.013494,128,0.316675
4000,128,0.013531,128,0.316881
4000,128,0.013426,128,0.316935
4000,128,0.014041,128,0.316941
4000,128,0.014104,128,0.316860
4000,128,0.013720,128,0.316939
4000,128,0.013808,128,0.316935
4000,128,0.013695,128,0.316940
4000,128,0.014023,128,0.316676
4000,128,0.013824,128,0.316935
4000,128,0.013745,128,0.316932
4000,128,0.013960,128,0.316940
4000,128,0.013918,128,0.316418
4000,128,0.013869,128,0.316935
4000,128,0.014206,128,0.316926
4000,128,0.013739,128,0.316940
4000,128,0.013816,128,0.316870
4000,128,0.013432,128,0.316940
4000,128,0.013403,128,0.316929
4000,128,0.013472,128,0.316675
4000,128,0.013933,128,0.316691
4000,128,0.013865,128,0.316675
4000,128,0.013925,128,0.316678
4000,128,0.013999,128,0.316674
4000,128,0.013966,128,0.316681
4000,128,0.014119,128,0.316673
4000,128,0.013505,128,0.316939
4000,128,0.014001,128,0.316866
4000,128,0.013480,128,0.316940
4000,128,0.014019,128,0.316922
4000,128,0.013791,128,0.316940
4000,128,0.013873,128,0.316871
4000,128,0.013860,128,0.316940
4000,128,0.014052,128,0.316916
4000,128,0.013850,128,0.316938
4000,128,0.013878,128,0.316850
4000,128,0.014094,128,0.316895
4000,128,0.013714,128,0.316929
4000,128,0.014180,128,0.316906
4000,128,0.013583,128,0.316939
4000,128,0.013737,128,0.315396
4000,128,0.013746,128,0.316939
4000,128,0.013735,128,0.316939
4000,128,0.014107,128,0.316941
4000,128,0.013819,128,0.316759
4000,128,0.013736,128,0.316934
4000,128,0.013728,128,0.316739
4000,128,0.013814,128,0.316940
4000,128,0.013830,128,0.316922
4000,128,0.013808,128,0.316940
4000,128,0.013783,128,0.316863
4000,128,0.013997,128,0.316939
4000,128,0.013924,128,0.316931
4000,128,0.013764,128,0.316940
4000,128,0.013981,128,0.316897
4000,128,0.013456,128,0.316940
4000,128,0.013751,128,0.316940
4000,128,0.013433,128,0.316932
4000,128,0.013550,128,0.316936
4000,128,0.013848,128,0.316936
4000,128,0.013884,128,0.316934
4000,128,0.013776,128,0.316858
4500,128,0.015232,128,0.316940
4500,128,0.015664,128,0.316903
4500,128,0.015790,128,0.316940
4500,128,0.015452,128,0.316857
4500,128,0.015640,128,0.316940
4500,128,0.015713,128,0.316930
4500,128,0.015757,128,0.316940
4500,128,0.015285,128,0.316920
4500,128,0.015664,128,0.316128
4500,128,0.015580,128,0.316941
4500,128,0.015519,128,0.316854
4500,128,0.015242,128,0.316920
4500,128,0.015819,128,0.316930
4500,128,0.015415,128,0.316935
4500,128,0.015567,128,0.316871
4500,128,0.015834,128,0.316941
4500,128,0.015703,128,0.316940
4500,128,0.015697,128,0.316936
4500,128,0.015174,128,0.316939
4500,128,0.015602,128,0.316922
4500,128,0.015415,128,0.316940
4500,128,0.015494,128,0.316873
4500,128,0.015627,128,0.316935
4500,128,0.015612,128,0.316928
4500,128,0.015618,128,0.316936
4500,128,0.015644,128,0.316941
4500,128,0.015248,128,0.316364
4500,128,0.015594,128,0.316940
4500,128,0.015583,128,0.316874
4500,128,0.015819,128,0.316939
4500,128,0.015718,128,0.316922
4500,128,0.015792,128,0.316940
4500,128,0.015437,128,0.316859
4500,128,0.015500,128,0.315369
4500,128,0.015678,128,0.316940
4500,128,0.015551,128,0.316675
4500,128,0.015222,128,0.316940
4500,128,0.015248,128,0.315352
4500,128,0.015670,128,0.316941
4500,128,0.015869,128,0.316793
4500,128,0.015485,128,0.316935
4500,128,0.015561,128,0.316925
4500,128,0.015570,128,0.316929
4500,128,0.015165,128,0.316684
4500,128,0.015631,128,0.316935
4500,128,0.015564,128,0.316939
4500,128,0.015831,128,0.316939
4500,128,0.015702,128,0.316932
4500,128,0.015671,128,0.316932
4500,128,0.015464,128,0.316926
4500,128,0.015390,128,0.316856
4500,128,0.015657,128,0.316923
4500,128,0.015101,128,0.316930
4500,128,0.015747,128,0.316939
4500,128,0.015745,128,0.316925
4500,128,0.015633,128,0.315505
4500,128,0.015565,128,0.316941
4500,128,0.015637,128,0.316866
4500,128,0.015429,128,0.316939
4500,128,0.015437,128,0.316932
4500,128,0.015677,128,0.316940
4500,128,0.015393,128,0.316847
4500,128,0.015723,128,0.316797
4500,128,0.015572,128,0.316941
4500,128,0.015423,128,0.316938
4500,128,0.015613,128,0.316940
4500,128,0.015198,128,0.316930
4500,128,0.015735,128,0.316927
4500,128,0.015851,128,0.316847
4500,128,0.015593,128,0.316940
4500,128,0.015634,128,0.316913
4500,128,0.015764,128,0.316940
4500,128,0.015204,128,0.316940
4500,128,0.015352,128,0.316934
4500,128,0.015234,128,0.316922
4500,128,0.015613,128,0.316858
4500,128,0.015208,128,0.316940
4500,128,0.015714,128,0.316930
4500,128,0.015166,128,0.316920
4500,128,0.015547,128,0.316820
4500,128,0.015769,128,0.316936
4500,128,0.015759,128,0.316719
4500,128,0.015446,128,0.316568
4500,128,0.015514,128,0.316940
4500,128,0.015671,128,0.315538
4500,128,0.015186,128,0.316939
4500,128,0.015632,128,0.316836
4500,128,0.015590,128,0.316940
4500,128,0.015394,128,0.316930
4500,128,0.015186,128,0.316676
4500,128,0.015561,128,0.316859
4500,128,0.015511,128,0.316670
4500,128,0.015516,128,0.316941
4500,128,0.015775,128,0.316933
4500,128,0.015293,128,0.316940
4500,128,0.015197,128,0.316523
4500,128,0.015461,128,0.316941
4500,128,0.015258,128,0.316857
4500,128,0.015684,128,0.316940
4500,128,0.015658,128,0.316931
5000,128,0.017407,128,0.316517
5000,128,0.017365,128,0.316940
5000,128,0.016908,128,0.315548
5000,128,0.017132,128,0.316935
5000,128,0.017374,128,0.316856
5000,128,0.017290,128,0.316932
5000,128,0.017622,128,0.316928
5000,128,0.017604,128,0.316935
5000,128,0.017447,128,0.316935
5000,128,0.017380,128,0.315782
5000,128,0.017638,128,0.316940
5000,128,0.016898,128,0.316870
5000,128,0.017053,128,0.316940
5000,128,0.017155,128,0.316915
5000,128,0.017209,128,0.316940
5000,128,0.017311,128,0.316940
5000,128,0.017535,128,0.315524
5000,128,0.017239,128,0.316940
5000,128,0.017450,128,0.316854
5000,128,0.017213,128,0.316926
5000,128,0.017028,128,0.316696
5000,128,0.016987,128,0.316940
5000,128,0.017675,128,0.316933
5000,128,0.017000,128,0.316787
5000,128,0.016973,128,0.316941
5000,128,0.016945,128,0.316805
5000,128,0.017705,128,0.316925
5000,128,0.017440,128,0.316940
5000,128,0.017001,128,0.316936
5000,128,0.017022,128,0.316939
5000,128,0.017021,128,0.316916
5000,128,0.017360,128,0.316940
5000,128,0.017271,128,0.316841
5000,128,0.017262,128,0.316919
5000,128,0.017512,128,0.316940
5000,128,0.017447,128,0.316846
5000,128,0.017296,128,0.316885
5000,128,0.017290,128,0.316893
5000,128,0.017014,128,0.316939
5000,128,0.016896,128,0.316821
5000,128,0.017392,128,0.316797
5000,128,0.017534,128,0.316936
5000,128,0.017543,128,0.316854
5000,128,0.017491,128,0.316940
5000,128,0.017595,128,0.316915
5000,128,0.016994,128,0.316941
5000,128,0.017334,128,0.316913
5000,128,0.017058,128,0.316934
5000,128,0.016944,128,0.316939
5000,128,0.017235,128,0.316856
5000,128,0.017277,128,0.316939
5000,128,0.017559,128,0.316915
5000,128,0.017494,128,0.316940
5000,128,0.017624,128,0.316260
5000,128,0.017473,128,0.315412
5000,128,0.017627,128,0.316930
5000,128,0.017206,128,0.316869
5000,128,0.017614,128,0.316935
5000,128,0.017139,128,0.316911
5000,128,0.017445,128,0.316940
5000,128,0.017872,128,0.316926
5000,128,0.017246,128,0.316939
5000,128,0.017162,128,0.316940
5000,128,0.017677,128,0.316863
5000,128,0.017092,128,0.316939
5000,128,0.017800,128,0.316928
5000,128,0.017197,128,0.316921
5000,128,0.017720,128,0.316926
5000,128,0.017215,128,0.316676
5000,128,0.017463,128,0.316940
5000,128,0.017579,128,0.316824
5000,128,0.017509,128,0.316930
5000,128,0.017593,128,0.316812
5000,128,0.017293,128,0.316940
5000,128,0.017446,128,0.316935
5000,128,0.017551,128,0.316919
5000,128,0.017297,128,0.316926
5000,128,0.017725,128,0.316859
5000,128,0.017142,128,0.316941
5000,128,0.017218,128,0.316936
5000,128,0.016948,128,0.316675
5000,128,0.017367,128,0.316930
5000,128,0.017011,128,0.316789
5000,128,0.017565,128,0.316939
5000,128,0.017272,128,0.316809
5000,128,0.017220,128,0.315561
5000,128,0.017023,128,0.316910
5000,128,0.017450,128,0.316936
5000,128,0.017559,128,0.316935
5000,128,0.017014,128,0.316922
5000,128,0.017577,128,0.316940
5000,128,0.017148,128,0.316842
5000,128,0.017497,128,0.316790
5000,128,0.017221,128,0.316938
5000,128,0.017558,128,0.316850
5000,128,0.017228,128,0.316927
5000,128,0.017797,128,0.316924
5000,128,0.017444,128,0.316675
5000,128,0.017422,128,0.316906
5000,128,0.017560,128,0.316675
5500,128,0.019082,128,0.316934
5500,128,0.019206,128,0.316882
5500,128,0.019082,128,0.316940
5500,128,0.019294,128,0.316912
5500,128,0.019321,128,0.316676
5500,128,0.018753,128,0.316938
5500,128,0.018690,128,0.316922
5500,128,0.019019,128,0.316941
5500,128,0.018654,128,0.316870
5500,128,0.019280,128,0.316676
5500,128,0.018620,128,0.316940
5500,128,0.019311,128,0.316747
5500,128,0.019226,128,0.316940
5500,128,0.018736,128,0.316932
5500,128,0.019364,128,0.316940
5500,128,0.019077,128,0.316940
5500,128,0.018555,128,0.316931
5500,128,0.019097,128,0.316941
5500,128,0.018898,128,0.316871
5500,128,0.019254,128,0.316796
5500,128,0.019118,128,0.316908
5500,128,0.019106,128,0.316896
5500,128,0.018663,128,0.316940
5500,128,0.018804,128,0.316931
5500,128,0.019078,128,0.316939
5500,128,0.019436,128,0.316940
5500,128,0.019291,128,0.316921
5500,128,0.018467,128,0.316945
5500,128,0.019529,128,0.316862
5500,128,0.019068,128,0.315498
5500,128,0.018643,128,0.316940
5500,128,0.018854,128,0.316860
5500,128,0.018672,128,0.316934
5500,128,0.019408,128,0.316925
5500,128,0.019055,128,0.316674
5500,128,0.019359,128,0.316706
5500,128,0.019141,128,0.315486
5500,128,0.019210,128,0.316933
5500,128,0.018948,128,0.316850
5500,128,0.019316,128,0.316940
5500,128,0.018524,128,0.316940
5500,128,0.019315,128,0.316869
5500,128,0.019168,128,0.316935
5500,128,0.018965,128,0.316917
5500,128,0.019225,128,0.316677
5500,128,0.019250,128,0.316632
5500,128,0.019241,128,0.316932
5500,128,0.019318,128,0.316934
5500,128,0.019576,128,0.316868
5500,128,0.019048,128,0.316676
5500,128,0.019094,128,0.316941
5500,128,0.019349,128,0.316863
5500,128,0.018693,128,0.316940
5500,128,0.019072,128,0.316926
5500,128,0.019153,128,0.316677
5500,128,0.018630,128,0.316935
5500,128,0.019403,128,0.316924
5500,128,0.018817,128,0.316928
5500,128,0.018953,128,0.316861
5500,128,0.018934,128,0.316794
5500,128,0.018637,128,0.316935
5500,128,0.018646,128,0.316846
5500,128,0.019209,128,0.316935
5500,128,0.019596,128,0.316932
5500,128,0.019144,128,0.316935
5500,128,0.018549,128,0.316934
5500,128,0.018965,128,0.316925
5500,128,0.019318,128,0.316940
5500,128,0.019348,128,0.316855
5500,128,0.018596,128,0.316799
5500,128,0.019343,128,0.316940
5500,128,0.018423,128,0.316870
5500,128,0.019310,128,0.316934
5500,128,0.019074,128,0.316931
5500,128,0.019401,128,0.316934
5500,128,0.019417,128,0.316934
5500,128,0.019245,128,0.316776
5500,128,0.019090,128,0.316940
5500,128,0.018841,128,0.316869
5500,128,0.019324,128,0.316941
5500,128,0.018783,128,0.316941
5500,128,0.018619,128,0.316825
5500,128,0.018995,128,0.316935
5500,128,0.019431,128,0.316923
5500,128,0.018857,128,0.316933
5500,128,0.019316,128,0.316941
5500,128,0.019212,128,0.316780
5500,128,0.019166,128,0.316935
5500,128,0.018936,128,0.316827
5500,128,0.019289,128,0.316675
5500,128,0.019321,128,0.316934
5500,128,0.019237,128,0.316863
5500,128,0.019534,128,0.316935
5500,128,0.019371,128,0.316925
5500,128,0.019046,128,0.316934
5500,128,0.019103,128,0.316940
5500,128,0.018697,128,0.316926
5500,128,0.019020,128,0.316935
5500,128,0.019265,128,0.316868
5500,128,0.019364,128,0.316934
6000,128,0.021071,128,0.316940
6000,128,0.020588,128,0.316871
6000,128,0.020825,128,0.316939
6000,128,0.020724,128,0.316941
6000,128,0.021130,128,0.315762
6000,128,0.021104,128,0.316940
6000,128,0.021125,128,0.316915
6000,128,0.020247,128,0.316297
6000,128,0.020778,128,0.316755
6000,128,0.020936,128,0.315530
6000,128,0.020606,128,0.316931
6000,128,0.020951,128,0.316923
6000,128,0.020848,128,0.316780
6000,128,0.020660,128,0.316939
6000,128,0.020684,128,0.316864
6000,128,0.020604,128,0.315373
6000,128,0.021010,128,0.316940
6000,128,0.020531,128,0.316870
6000,128,0.020362,128,0.316940
6000,128,0.020906,128,0.316605
6000,128,0.020747,128,0.316896
6000,128,0.020984,128,0.316940
6000,128,0.020735,128,0.316922
6000,128,0.020884,128,0.316935
6000,128,0.021159,128,0.316936
6000,128,0.020608,128,0.316931
6000,128,0.021059,128,0.316940
6000,128,0.020402,128,0.316879
6000,128,0.020848,128,0.316651
6000,128,0.020974,128,0.316940
6000,128,0.021273,128,0.316873
6000,128,0.020831,128,0.316677
6000,128,0.020778,128,0.316917
6000,128,0.021077,128,0.316875
6000,128,0.020880,128,0.316941
6000,128,0.020567,128,0.316931
6000,128,0.021063,128,0.316915
6000,128,0.020831,128,0.316940
6000,128,0.020781,128,0.316930
6000,128,0.021071,128,0.316254
6000,128,0.021259,128,0.316940
6000,128,0.020720,128,0.316926
6000,128,0.021024,128,0.316933
6000,128,0.021145,128,0.316872
6000,128,0.020681,128,0.316788
6000,128,0.020732,128,0.316936
6000,128,0.020360,128,0.316838
6000,128,0.020836,128,0.316939
6000,128,0.021058,128,0.316939
6000,128,0.020229,128,0.316874
6000,128,0.021197,128,0.316940
6000,128,0.020604,128,0.316930
6000,128,0.020529,128,0.316287
6000,128,0.020408,128,0.316883
6000,128,0.020375,128,0.316239
6000,128,0.021100,128,0.316921
6000,128,0.020733,128,0.316835
6000,128,0.021081,128,0.316899
6000,128,0.020924,128,0.316936
6000,128,0.020408,128,0.316861
6000,128,0.020290,128,0.316940
6000,128,0.020337,128,0.316931
6000,128,0.021144,128,0.316850
6000,128,0.020464,128,0.316940
6000,128,0.020762,128,0.316940
6000,128,0.020861,128,0.316856
6000,128,0.021089,128,0.316940
6000,128,0.020483,128,0.316931
6000,128,0.021078,128,0.316940
6000,128,0.020455,128,0.316940
6000,128,0.020732,128,0.316929
6000,128,0.020901,128,0.316940
6000,128,0.021308,128,0.316940
6000,128,0.020557,128,0.316772
6000,128,0.020368,128,0.316940
6000,128,0.020975,128,0.316863
6000,128,0.020690,128,0.316797
6000,128,0.021076,128,0.316940
6000,128,0.021063,128,0.316858
6000,128,0.020867,128,0.316941
6000,128,0.020627,128,0.316940
6000,128,0.020932,128,0.316871
6000,128,0.020816,128,0.316939
6000,128,0.021265,128,0.316931
6000,128,0.020498,128,0.316940
6000,128,0.020526,128,0.316939
6000,128,0.020329,128,0.316928
6000,128,0.020908,128,0.316919
6000,128,0.020343,128,0.316673
6000,128,0.020792,128,0.315290
6000,128,0.021164,128,0.316922
6000,128,0.020973,128,0.316602
6000,128,0.020857,128,0.316940
6000,128,0.020306,128,0.316940
6000,128,0.020966,128,0.316858
6000,128,0.020975,128,0.316928
6000,128,0.020863,128,0.316936
6000,128,0.020869,128,0.316941
6000,128,0.021083,128,0.316920
6000,128,0.020653,128,0.316892
6500,128,0.022378,128,0.316926
6500,128,0.022360,128,0.316939
6500,128,0.022091,128,0.316910
6500,128,0.022416,128,0.316940
6500,128,0.022690,128,0.316926
6500,128,0.022969,128,0.316775
6500,128,0.022129,128,0.316936
6500,128,0.022605,128,0.316922
6500,128,0.022073,128,0.315498
6500,128,0.022579,128,0.316933
6500,128,0.022900,128,0.316936
6500,128,0.022503,128,0.314289
6500,128,0.022460,128,0.316914
6500,128,0.022681,128,0.316873
6500,128,0.022423,128,0.316777
6500,128,0.022091,128,0.316940
6500,128,0.022465,128,0.316853
6500,128,0.022177,128,0.316940
6500,128,0.022360,128,0.316919
6500,128,0.022643,128,0.316839
6500,128,0.022398,128,0.316940
6500,128,0.022579,128,0.316906
6500,128,0.022739,128,0.316729
6500,128,0.022625,128,0.316935
6500,128,0.022795,128,0.316921
6500,128,0.022858,128,0.316866
6500,128,0.022190,128,0.316939
6500,128,0.022743,128,0.316919
6500,128,0.022885,128,0.316864
6500,128,0.022208,128,0.316939
6500,128,0.022938,128,0.316925
6500,128,0.022226,128,0.316940
6500,128,0.022741,128,0.316940
6500,128,0.023118,128,0.316910
6500,128,0.022904,128,0.316940
6500,128,0.022328,128,0.316931
6500,128,0.022849,128,0.316931
6500,128,0.022543,128,0.316940
6500,128,0.022626,128,0.316940
6500,128,0.022416,128,0.316923
6500,128,0.022705,128,0.316941
6500,128,0.022913,128,0.316919
6500,128,0.022044,128,0.316922
6500,128,0.022570,128,0.316940
6500,128,0.022710,128,0.316941
6500,128,0.023034,128,0.316932
6500,128,0.022938,128,0.316941
6500,128,0.023064,128,0.316859
6500,128,0.022694,128,0.316670
6500,128,0.022004,128,0.316942
6500,128,0.022946,128,0.316856
6500,128,0.022826,128,0.316940
6500,128,0.022067,128,0.316939
6500,128,0.022776,128,0.316861
6500,128,0.022035,128,0.316671
6500,128,0.022794,128,0.316940
6500,128,0.022719,128,0.316865
6500,128,0.022725,128,0.316677
6500,128,0.022981,128,0.316939
6500,128,0.022380,128,0.316853
6500,128,0.022179,128,0.316940
6500,128,0.022738,128,0.316941
6500,128,0.022987,128,0.316588
6500,128,0.022537,128,0.316941
6500,128,0.023089,128,0.316918
6500,128,0.022536,128,0.316677
6500,128,0.022068,128,0.316940
6500,128,0.022825,128,0.316925
6500,128,0.022774,128,0.316939
6500,128,0.022950,128,0.316939
6500,128,0.023042,128,0.316932
6500,128,0.022195,128,0.316940
6500,128,0.022856,128,0.316940
6500,128,0.022427,128,0.316926
6500,128,0.022097,128,0.316676
6500,128,0.022754,128,0.316939
6500,128,0.022910,128,0.316624
6500,128,0.022232,128,0.316935
6500,128,0.023044,128,0.316940
6500,128,0.022538,128,0.316927
6500,128,0.022523,128,0.316940
6500,128,0.022872,128,0.316940
6500,128,0.022698,128,0.315538
6500,128,0.022054,128,0.316939
6500,128,0.022664,128,0.316827
6500,128,0.022312,128,0.315536
6500,128,0.022043,128,0.316940
6500,128,0.022237,128,0.316866
6500,128,0.022221,128,0.315566
6500,128,0.022027,128,0.316940
6500,128,0.022934,128,0.316834
6500,128,0.023044,128,0.315433
6500,128,0.022525,128,0.316935
6500,128,0.022676,128,0.316859
6500,128,0.022131,128,0.316941
6500,128,0.022560,128,0.316941
6500,128,0.021994,128,0.316858
6500,128,0.022044,128,0.316941
6500,128,0.022925,128,0.316936
6500,128,0.022643,128,0.316675
7000,128,0.024979,128,0.316940
7000,128,0.023946,128,0.316940
7000,128,0.024311,128,0.316572
7000,128,0.024083,128,0.316774
7000,128,0.024433,128,0.316936
7000,128,0.024154,128,0.316576
7000,128,0.023898,128,0.316940
7000,128,0.023937,128,0.316923
7000,128,0.024038,128,0.316865
7000,128,0.024468,128,0.316933
7000,128,0.024862,128,0.316940
7000,128,0.024205,128,0.316846
7000,128,0.024537,128,0.316930
7000,128,0.024930,128,0.316920
7000,128,0.024723,128,0.316848
7000,128,0.024703,128,0.316845
7000,128,0.023924,128,0.316922
7000,128,0.024591,128,0.316852
7000,128,0.023766,128,0.316921
7000,128,0.024247,128,0.316881
7000,128,0.023788,128,0.316848
7000,128,0.024120,128,0.316941
7000,128,0.023899,128,0.316930
7000,128,0.024501,128,0.316891
7000,128,0.024847,128,0.316922
7000,128,0.023748,128,0.316810
7000,128,0.024262,128,0.316848
7000,128,0.024837,128,0.316920
7000,128,0.024594,128,0.316940
7000,128,0.023782,128,0.316847
7000,128,0.023839,128,0.316935
7000,128,0.024514,128,0.316933
7000,128,0.024109,128,0.316850
7000,128,0.023737,128,0.316940
7000,128,0.024530,128,0.316933
7000,128,0.024583,128,0.316801
7000,128,0.024602,128,0.316677
7000,128,0.024572,128,0.316933
7000,128,0.024621,128,0.316891
7000,128,0.024085,128,0.316677
7000,128,0.024250,128,0.316936
7000,128,0.024368,128,0.316681
7000,128,0.024253,128,0.316940
7000,128,0.024433,128,0.316941
7000,128,0.023777,128,0.316835
7000,128,0.023733,128,0.316940
7000,128,0.024298,128,0.316933
7000,128,0.024231,128,0.316383
7000,128,0.024673,128,0.316940
7000,128,0.023805,128,0.316924
7000,128,0.024480,128,0.316860
7000,128,0.023839,128,0.316779
7000,128,0.024661,128,0.316941
7000,128,0.024662,128,0.316856
7000,128,0.024168,128,0.315654
7000,128,0.023666,128,0.316922
7000,128,0.024355,128,0.316857
7000,128,0.024084,128,0.314049
7000,128,0.024369,128,0.316940
7000,128,0.024616,128,0.316863
7000,128,0.024388,128,0.316775
7000,128,0.024729,128,0.316935
7000,128,0.024575,128,0.316941
7000,128,0.024523,128,0.316940
7000,128,0.024693,128,0.316940
7000,128,0.024600,128,0.316931
7000,128,0.024099,128,0.315565
7000,128,0.024568,128,0.316941
7000,128,0.024411,128,0.316937
7000,128,0.024309,128,0.315528
7000,128,0.024606,128,0.316940
7000,128,0.024202,128,0.316936
7000,128,0.023841,128,0.316767
7000,128,0.023861,128,0.316940
7000,128,0.024373,128,0.316940
7000,128,0.024137,128,0.315524
7000,128,0.024160,128,0.316940
7000,128,0.024356,128,0.316920
7000,128,0.024723,128,0.316927
7000,128,0.024235,128,0.316940
7000,128,0.023874,128,0.316920
7000,128,0.024804,128,0.316932
7000,128,0.023876,128,0.316924
7000,128,0.023940,128,0.316921
7000,128,0.024185,128,0.316931
7000,128,0.024773,128,0.316919
7000,128,0.024936,128,0.312417
7000,128,0.024443,128,0.316778
7000,128,0.024440,128,0.316935
7000,128,0.024825,128,0.316920
7000,128,0.024212,128,0.316931
7000,128,0.024462,128,0.316939
7000,128,0.024596,128,0.316939
7000,128,0.023904,128,0.316777
7000,128,0.023769,128,0.316940
7000,128,0.024730,128,0.316929
7000,128,0.024666,128,0.316932
7000,128,0.024842,128,0.316941
7000,128,0.024822,128,0.316940
7000,128,0.024198,128,0.316913
