<?xml version="1.0" encoding="UTF-8"?>
<project>
  <core name="" type="" target="">
    <kernel name="ed25519_sign" language="c" vlnv="xilinx.com:hls:ed25519_sign:1.0" attributes="" hash="" preferredWorkGroupSizeMultiple="0" workGroupSize="1" debug="false">
      <port name="S_AXI_AXILITES" mode="slave" range="0x1000" dataWidth="8" portType="addressable" base="0x00000000"/>
      <port name="M_AXI_MICROBLAZE_MEM" mode="master" range="0xFFFFFFFF" dataWidth="8" portType="addressable" base="0x00000000"/>
      <arg name="signature" addressQualifier="0" id="0" port="S_AXI_AXILITES" size="0x4" offset="0x40" hostOffset="0x0" hostSize="0x4" type="unsigned char[]"/>
      <arg name="blocks_in" addressQualifier="0" id="1" port="S_AXI_AXILITES" size="0x4" offset="0x80" hostOffset="0x0" hostSize="0x4" type="long unsigned int"/>
      <arg name="public_key" addressQualifier="0" id="2" port="S_AXI_AXILITES" size="0x4" offset="0xA0" hostOffset="0x0" hostSize="0x4" type="unsigned char[]"/>
      <arg name="private_key" addressQualifier="0" id="3" port="S_AXI_AXILITES" size="0x4" offset="0xC0" hostOffset="0x0" hostSize="0x4" type="unsigned char[]"/>
      <compileWorkGroupSize x="1" y="1" z="1"/>
    </kernel>
  </core>
</project>
